ID,Creative_Title,Beautiful_Title,Professional_Title,Genius_Title,Description
1,Your work is creative!,Your work is beautiful!,Your work is professional!,Your work is genius!,"An octopus has one main heart that pumps blood through its body and two additional hearts that pump blood specifically to its gills. To top it off, their blood isn't red; it's blue! Instead of iron, their blood uses a copper-rich protein called hemocyanin to transport oxygen, which works better in cold, deep-ocean environments."
2,Your work is creative!,Your work is beautiful!,Your work is professional!,Your work is genius!,[Knowledge Point 2 description]
3,Your work is creative!,Your work is beautiful!,Your work is professional!,Your work is genius!,[Knowledge Point 3 description]
4,Your work is creative!,Your work is beautiful!,Your work is professional!,Your work is genius!,[Knowledge Point 4 description]
5,Your work is creative!,Your work is beautiful!,Your work is professional!,Your work is genius!,[Knowledge Point 5 description]
6,Your work is creative!,Your work is beautiful!,Your work is professional!,Your work is genius!,[Knowledge Point 6 description]
7,Your work is creative!,Your work is beautiful!,Your work is professional!,Your work is genius!,[Knowledge Point 7 description]
8,Your work is creative!,Your work is beautiful!,Your work is professional!,Your work is genius!,[Knowledge Point 8 description]
9,Your work is creative!,Your work is beautiful!,Your work is professional!,Your work is genius!,[Knowledge Point 9 description]
10,Your work is creative!,Your work is beautiful!,Your work is professional!,Your work is genius!,[Knowledge Point 10 description]
